Item,TIME_PERIOD,FREQ,TYPE,Item_VALUE
平均每人GNI、當期價格N.T.元,1951,Y,原始值,1588
平均每人GNI、當期價格N.T.元,1951,Y,年增率(%),
平均每人GNI、當期價格N.T.元,1952,Y,原始值,2146
平均每人GNI、當期價格N.T.元,1952,Y,年增率(%),35.14
平均每人GNI、當期價格N.T.元,1953,Y,原始值,2764
平均每人GNI、當期價格N.T.元,1953,Y,年增率(%),28.8
平均每人GNI、當期價格N.T.元,1954,Y,原始值,2928
平均每人GNI、當期價格N.T.元,1954,Y,年增率(%),5.93
平均每人GNI、當期價格N.T.元,1955,Y,原始值,3363
平均每人GNI、當期價格N.T.元,1955,Y,年增率(%),14.86
平均每人GNI、當期價格N.T.元,1956,Y,原始值,3732
平均每人GNI、當期價格N.T.元,1956,Y,年增率(%),10.97
平均每人GNI、當期價格N.T.元,1957,Y,原始值,4219
平均每人GNI、當期價格N.T.元,1957,Y,年增率(%),13.05
平均每人GNI、當期價格N.T.元,1958,Y,原始值,4568
平均每人GNI、當期價格N.T.元,1958,Y,年增率(%),8.27
平均每人GNI、當期價格N.T.元,1959,Y,原始值,5090
平均每人GNI、當期價格N.T.元,1959,Y,年增率(%),11.43
平均每人GNI、當期價格N.T.元,1960,Y,原始值,5940
平均每人GNI、當期價格N.T.元,1960,Y,年增率(%),16.7
平均每人GNI、當期價格N.T.元,1961,Y,原始值,6440
平均每人GNI、當期價格N.T.元,1961,Y,年增率(%),8.42
平均每人GNI、當期價格N.T.元,1962,Y,原始值,6872
平均每人GNI、當期價格N.T.元,1962,Y,年增率(%),6.71
平均每人GNI、當期價格N.T.元,1963,Y,原始值,7534
平均每人GNI、當期價格N.T.元,1963,Y,年增率(%),9.63
平均每人GNI、當期價格N.T.元,1964,Y,原始值,8542
平均每人GNI、當期價格N.T.元,1964,Y,年增率(%),13.38
平均每人GNI、當期價格N.T.元,1965,Y,原始值,9157
平均每人GNI、當期價格N.T.元,1965,Y,年增率(%),7.2
平均每人GNI、當期價格N.T.元,1966,Y,原始值,9956
平均每人GNI、當期價格N.T.元,1966,Y,年增率(%),8.73
平均每人GNI、當期價格N.T.元,1967,Y,原始值,11205
平均每人GNI、當期價格N.T.元,1967,Y,年增率(%),12.55
平均每人GNI、當期價格N.T.元,1968,Y,原始值,12736
平均每人GNI、當期價格N.T.元,1968,Y,年增率(%),13.66
平均每人GNI、當期價格N.T.元,1969,Y,原始值,14247
平均每人GNI、當期價格N.T.元,1969,Y,年增率(%),11.86
平均每人GNI、當期價格N.T.元,1970,Y,原始值,15839
平均每人GNI、當期價格N.T.元,1970,Y,年增率(%),11.17
平均每人GNI、當期價格N.T.元,1971,Y,原始值,18035
平均每人GNI、當期價格N.T.元,1971,Y,年增率(%),13.86
平均每人GNI、當期價格N.T.元,1972,Y,原始值,21193
平均每人GNI、當期價格N.T.元,1972,Y,年增率(%),17.51
平均每人GNI、當期價格N.T.元,1973,Y,原始值,26981
平均每人GNI、當期價格N.T.元,1973,Y,年增率(%),27.31
平均每人GNI、當期價格N.T.元,1974,Y,原始值,35471
平均每人GNI、當期價格N.T.元,1974,Y,年增率(%),31.47
平均每人GNI、當期價格N.T.元,1975,Y,原始值,37227
平均每人GNI、當期價格N.T.元,1975,Y,年增率(%),4.95
平均每人GNI、當期價格N.T.元,1976,Y,原始值,43686
平均每人GNI、當期價格N.T.元,1976,Y,年增率(%),17.35
平均每人GNI、當期價格N.T.元,1977,Y,原始值,50234
平均每人GNI、當期價格N.T.元,1977,Y,年增率(%),14.99
平均每人GNI、當期價格N.T.元,1978,Y,原始值,59211
平均每人GNI、當期價格N.T.元,1978,Y,年增率(%),17.87
平均每人GNI、當期價格N.T.元,1979,Y,原始值,70219
平均每人GNI、當期價格N.T.元,1979,Y,年增率(%),18.59
平均每人GNI、當期價格N.T.元,1980,Y,原始值,85876
平均每人GNI、當期價格N.T.元,1980,Y,年增率(%),22.3
平均每人GNI、當期價格N.T.元,1981,Y,原始值,99544
平均每人GNI、當期價格N.T.元,1981,Y,年增率(%),15.92
平均每人GNI、當期價格N.T.元,1982,Y,原始值,105549
平均每人GNI、當期價格N.T.元,1982,Y,年增率(%),6.03
平均每人GNI、當期價格N.T.元,1983,Y,原始值,116479
平均每人GNI、當期價格N.T.元,1983,Y,年增率(%),10.36
平均每人GNI、當期價格N.T.元,1984,Y,原始值,129331
平均每人GNI、當期價格N.T.元,1984,Y,年增率(%),11.03
平均每人GNI、當期價格N.T.元,1985,Y,原始值,134548
平均每人GNI、當期價格N.T.元,1985,Y,年增率(%),4.03
平均每人GNI、當期價格N.T.元,1986,Y,原始值,156731
平均每人GNI、當期價格N.T.元,1986,Y,年增率(%),16.49
平均每人GNI、當期價格N.T.元,1987,Y,原始值,174249
平均每人GNI、當期價格N.T.元,1987,Y,年增率(%),11.18
平均每人GNI、當期價格N.T.元,1988,Y,原始值,187150
平均每人GNI、當期價格N.T.元,1988,Y,年增率(%),7.4
平均每人GNI、當期價格N.T.元,1989,Y,原始值,206086
平均每人GNI、當期價格N.T.元,1989,Y,年增率(%),10.12
平均每人GNI、當期價格N.T.元,1990,Y,原始值,226418
平均每人GNI、當期價格N.T.元,1990,Y,年增率(%),9.87
平均每人GNI、當期價格N.T.元,1991,Y,原始值,251345
平均每人GNI、當期價格N.T.元,1991,Y,年增率(%),11.01
平均每人GNI、當期價格N.T.元,1992,Y,原始值,276753
平均每人GNI、當期價格N.T.元,1992,Y,年增率(%),10.11
平均每人GNI、當期價格N.T.元,1993,Y,原始值,302119
平均每人GNI、當期價格N.T.元,1993,Y,年增率(%),9.17
平均每人GNI、當期價格N.T.元,1994,Y,原始值,326588
平均每人GNI、當期價格N.T.元,1994,Y,年增率(%),8.1
平均每人GNI、當期價格N.T.元,1995,Y,原始值,352725
平均每人GNI、當期價格N.T.元,1995,Y,年增率(%),8
平均每人GNI、當期價格N.T.元,1996,Y,原始值,379656
平均每人GNI、當期價格N.T.元,1996,Y,年增率(%),7.64
平均每人GNI、當期價格N.T.元,1997,Y,原始值,406483
平均每人GNI、當期價格N.T.元,1997,Y,年增率(%),7.07
平均每人GNI、當期價格N.T.元,1998,Y,原始值,432018
平均每人GNI、當期價格N.T.元,1998,Y,年增率(%),6.28
平均每人GNI、當期價格N.T.元,1999,Y,原始值,449473
平均每人GNI、當期價格N.T.元,1999,Y,年增率(%),4.04
平均每人GNI、當期價格N.T.元,2000,Y,原始值,471734
平均每人GNI、當期價格N.T.元,2000,Y,年增率(%),4.95
平均每人GNI、當期價格N.T.元,2001,Y,原始值,461419
平均每人GNI、當期價格N.T.元,2001,Y,年增率(%),-2.19
平均每人GNI、當期價格N.T.元,2002,Y,原始值,483770
平均每人GNI、當期價格N.T.元,2002,Y,年增率(%),4.84
平均每人GNI、當期價格N.T.元,2003,Y,原始值,498441
平均每人GNI、當期價格N.T.元,2003,Y,年增率(%),3.03
平均每人GNI、當期價格N.T.元,2004,Y,原始值,528094
平均每人GNI、當期價格N.T.元,2004,Y,年增率(%),5.95
平均每人GNI、當期價格N.T.元,2005,Y,原始值,542099
平均每人GNI、當期價格N.T.元,2005,Y,年增率(%),2.65
平均每人GNI、當期價格N.T.元,2006,Y,原始值,564267
平均每人GNI、當期價格N.T.元,2006,Y,年增率(%),4.09
平均每人GNI、當期價格N.T.元,2007,Y,原始值,597334
平均每人GNI、當期價格N.T.元,2007,Y,年增率(%),5.86
平均每人GNI、當期價格N.T.元,2008,Y,原始值,583576
平均每人GNI、當期價格N.T.元,2008,Y,年增率(%),-2.3
平均每人GNI、當期價格N.T.元,2009,Y,原始值,577241
平均每人GNI、當期價格N.T.元,2009,Y,年增率(%),-1.09
平均每人GNI、當期價格N.T.元,2010,Y,原始值,625560
平均每人GNI、當期價格N.T.元,2010,Y,年增率(%),8.37
平均每人GNI、當期價格N.T.元,2011,Y,原始值,630965
平均每人GNI、當期價格N.T.元,2011,Y,年增率(%),0.86
平均每人GNI、當期價格N.T.元,2012,Y,原始值,649322
平均每人GNI、當期價格N.T.元,2012,Y,年增率(%),2.91
平均每人GNI、當期價格N.T.元,2013,Y,原始值,671384
平均每人GNI、當期價格N.T.元,2013,Y,年增率(%),3.4
平均每人GNI、當期價格N.T.元,2014,Y,原始值,713443
平均每人GNI、當期價格N.T.元,2014,Y,年增率(%),6.26
平均每人GNI、當期價格N.T.元,2015,Y,原始值,745634
平均每人GNI、當期價格N.T.元,2015,Y,年增率(%),4.51
平均每人GNI、當期價格N.T.元,2016,Y,原始值,765711
平均每人GNI、當期價格N.T.元,2016,Y,年增率(%),2.69
平均每人GNI、當期價格N.T.元,2017,Y,原始值,782437
平均每人GNI、當期價格N.T.元,2017,Y,年增率(%),2.18
平均每人GNI、當期價格N.T.元,2018,Y,原始值,796852
平均每人GNI、當期價格N.T.元,2018,Y,年增率(%),1.84
平均每人GNI、當期價格N.T.元,2019,Y,原始值,821527
平均每人GNI、當期價格N.T.元,2019,Y,年增率(%),3.1
平均每人GNI、當期價格N.T.元,2020,Y,原始值,868732
平均每人GNI、當期價格N.T.元,2020,Y,年增率(%),5.75
平均每人GNI、當期價格N.T.元,2021,Y,原始值,947294
平均每人GNI、當期價格N.T.元,2021,Y,年增率(%),9.04
平均每人GNI、當期價格N.T.元,2022,Y,原始值,1002341
平均每人GNI、當期價格N.T.元,2022,Y,年增率(%),5.81
平均每人GNI、當期價格U.S.元,1951,Y,原始值,154
平均每人GNI、當期價格U.S.元,1951,Y,年增率(%),
平均每人GNI、當期價格U.S.元,1952,Y,原始值,208
平均每人GNI、當期價格U.S.元,1952,Y,年增率(%),35.06
平均每人GNI、當期價格U.S.元,1953,Y,原始值,178
平均每人GNI、當期價格U.S.元,1953,Y,年增率(%),-14.42
平均每人GNI、當期價格U.S.元,1954,Y,原始值,188
平均每人GNI、當期價格U.S.元,1954,Y,年增率(%),5.62
平均每人GNI、當期價格U.S.元,1955,Y,原始值,216
平均每人GNI、當期價格U.S.元,1955,Y,年增率(%),14.89
平均每人GNI、當期價格U.S.元,1956,Y,原始值,151
平均每人GNI、當期價格U.S.元,1956,Y,年增率(%),-30.09
平均每人GNI、當期價格U.S.元,1957,Y,原始值,170
平均每人GNI、當期價格U.S.元,1957,Y,年增率(%),12.58
平均每人GNI、當期價格U.S.元,1958,Y,原始值,184
平均每人GNI、當期價格U.S.元,1958,Y,年增率(%),8.24
平均每人GNI、當期價格U.S.元,1959,Y,原始值,140
平均每人GNI、當期價格U.S.元,1959,Y,年增率(%),-23.91
平均每人GNI、當期價格U.S.元,1960,Y,原始值,163
平均每人GNI、當期價格U.S.元,1960,Y,年增率(%),16.43
平均每人GNI、當期價格U.S.元,1961,Y,原始值,161
平均每人GNI、當期價格U.S.元,1961,Y,年增率(%),-1.23
平均每人GNI、當期價格U.S.元,1962,Y,原始值,172
平均每人GNI、當期價格U.S.元,1962,Y,年增率(%),6.83
平均每人GNI、當期價格U.S.元,1963,Y,原始值,188
平均每人GNI、當期價格U.S.元,1963,Y,年增率(%),9.3
平均每人GNI、當期價格U.S.元,1964,Y,原始值,214
平均每人GNI、當期價格U.S.元,1964,Y,年增率(%),13.83
平均每人GNI、當期價格U.S.元,1965,Y,原始值,229
平均每人GNI、當期價格U.S.元,1965,Y,年增率(%),7.01
平均每人GNI、當期價格U.S.元,1966,Y,原始值,249
平均每人GNI、當期價格U.S.元,1966,Y,年增率(%),8.73
平均每人GNI、當期價格U.S.元,1967,Y,原始值,280
平均每人GNI、當期價格U.S.元,1967,Y,年增率(%),12.45
平均每人GNI、當期價格U.S.元,1968,Y,原始值,318
平均每人GNI、當期價格U.S.元,1968,Y,年增率(%),13.57
平均每人GNI、當期價格U.S.元,1969,Y,原始值,356
平均每人GNI、當期價格U.S.元,1969,Y,年增率(%),11.95
平均每人GNI、當期價格U.S.元,1970,Y,原始值,396
平均每人GNI、當期價格U.S.元,1970,Y,年增率(%),11.24
平均每人GNI、當期價格U.S.元,1971,Y,原始值,451
平均每人GNI、當期價格U.S.元,1971,Y,年增率(%),13.89
平均每人GNI、當期價格U.S.元,1972,Y,原始值,530
平均每人GNI、當期價格U.S.元,1972,Y,年增率(%),17.52
平均每人GNI、當期價格U.S.元,1973,Y,原始值,705
平均每人GNI、當期價格U.S.元,1973,Y,年增率(%),33.02
平均每人GNI、當期價格U.S.元,1974,Y,原始值,933
平均每人GNI、當期價格U.S.元,1974,Y,年增率(%),32.34
平均每人GNI、當期價格U.S.元,1975,Y,原始值,980
平均每人GNI、當期價格U.S.元,1975,Y,年增率(%),5.04
平均每人GNI、當期價格U.S.元,1976,Y,原始值,1150
平均每人GNI、當期價格U.S.元,1976,Y,年增率(%),17.35
平均每人GNI、當期價格U.S.元,1977,Y,原始值,1322
平均每人GNI、當期價格U.S.元,1977,Y,年增率(%),14.96
平均每人GNI、當期價格U.S.元,1978,Y,原始值,1602
平均每人GNI、當期價格U.S.元,1978,Y,年增率(%),21.18
平均每人GNI、當期價格U.S.元,1979,Y,原始值,1951
平均每人GNI、當期價格U.S.元,1979,Y,年增率(%),21.79
平均每人GNI、當期價格U.S.元,1980,Y,原始值,2385
平均每人GNI、當期價格U.S.元,1980,Y,年增率(%),22.25
平均每人GNI、當期價格U.S.元,1981,Y,原始值,2706
平均每人GNI、當期價格U.S.元,1981,Y,年增率(%),13.46
平均每人GNI、當期價格U.S.元,1982,Y,原始值,2698
平均每人GNI、當期價格U.S.元,1982,Y,年增率(%),-0.3
平均每人GNI、當期價格U.S.元,1983,Y,原始值,2908
平均每人GNI、當期價格U.S.元,1983,Y,年增率(%),7.78
平均每人GNI、當期價格U.S.元,1984,Y,原始值,3264
平均每人GNI、當期價格U.S.元,1984,Y,年增率(%),12.24
平均每人GNI、當期價格U.S.元,1985,Y,原始值,3376
平均每人GNI、當期價格U.S.元,1985,Y,年增率(%),3.43
平均每人GNI、當期價格U.S.元,1986,Y,原始值,4141
平均每人GNI、當期價格U.S.元,1986,Y,年增率(%),22.66
平均每人GNI、當期價格U.S.元,1987,Y,原始值,5468
平均每人GNI、當期價格U.S.元,1987,Y,年增率(%),32.05
平均每人GNI、當期價格U.S.元,1988,Y,原始值,6541
平均每人GNI、當期價格U.S.元,1988,Y,年增率(%),19.62
平均每人GNI、當期價格U.S.元,1989,Y,原始值,7803
平均每人GNI、當期價格U.S.元,1989,Y,年增率(%),19.29
平均每人GNI、當期價格U.S.元,1990,Y,原始值,8420
平均每人GNI、當期價格U.S.元,1990,Y,年增率(%),7.91
平均每人GNI、當期價格U.S.元,1991,Y,原始值,9372
平均每人GNI、當期價格U.S.元,1991,Y,年增率(%),11.31
平均每人GNI、當期價格U.S.元,1992,Y,原始值,11000
平均每人GNI、當期價格U.S.元,1992,Y,年增率(%),17.37
平均每人GNI、當期價格U.S.元,1993,Y,原始值,11448
平均每人GNI、當期價格U.S.元,1993,Y,年增率(%),4.07
平均每人GNI、當期價格U.S.元,1994,Y,原始值,12343
平均每人GNI、當期價格U.S.元,1994,Y,年增率(%),7.82
平均每人GNI、當期價格U.S.元,1995,Y,原始值,13315
平均每人GNI、當期價格U.S.元,1995,Y,年增率(%),7.87
平均每人GNI、當期價格U.S.元,1996,Y,原始值,13826
平均每人GNI、當期價格U.S.元,1996,Y,年增率(%),3.84
平均每人GNI、當期價格U.S.元,1997,Y,原始值,14163
平均每人GNI、當期價格U.S.元,1997,Y,年增率(%),2.44
平均每人GNI、當期價格U.S.元,1998,Y,原始值,12911
平均每人GNI、當期價格U.S.元,1998,Y,年增率(%),-8.84
平均每人GNI、當期價格U.S.元,1999,Y,原始值,13929
平均每人GNI、當期價格U.S.元,1999,Y,年增率(%),7.88
平均每人GNI、當期價格U.S.元,2000,Y,原始值,15105
平均每人GNI、當期價格U.S.元,2000,Y,年增率(%),8.44
平均每人GNI、當期價格U.S.元,2001,Y,原始值,13647
平均每人GNI、當期價格U.S.元,2001,Y,年增率(%),-9.65
平均每人GNI、當期價格U.S.元,2002,Y,原始值,13990
平均每人GNI、當期價格U.S.元,2002,Y,年增率(%),2.51
平均每人GNI、當期價格U.S.元,2003,Y,原始值,14481
平均每人GNI、當期價格U.S.元,2003,Y,年增率(%),3.51
平均每人GNI、當期價格U.S.元,2004,Y,原始值,15797
平均每人GNI、當期價格U.S.元,2004,Y,年增率(%),9.09
平均每人GNI、當期價格U.S.元,2005,Y,原始值,16846
平均每人GNI、當期價格U.S.元,2005,Y,年增率(%),6.64
平均每人GNI、當期價格U.S.元,2006,Y,原始值,17346
平均每人GNI、當期價格U.S.元,2006,Y,年增率(%),2.97
平均每人GNI、當期價格U.S.元,2007,Y,原始值,18189
平均每人GNI、當期價格U.S.元,2007,Y,年增率(%),4.86
平均每人GNI、當期價格U.S.元,2008,Y,原始值,18503
平均每人GNI、當期價格U.S.元,2008,Y,年增率(%),1.73
平均每人GNI、當期價格U.S.元,2009,Y,原始值,17460
平均每人GNI、當期價格U.S.元,2009,Y,年增率(%),-5.64
平均每人GNI、當期價格U.S.元,2010,Y,原始值,19765
平均每人GNI、當期價格U.S.元,2010,Y,年增率(%),13.2
平均每人GNI、當期價格U.S.元,2011,Y,原始值,21410
平均每人GNI、當期價格U.S.元,2011,Y,年增率(%),8.32
平均每人GNI、當期價格U.S.元,2012,Y,原始值,21922
平均每人GNI、當期價格U.S.元,2012,Y,年增率(%),2.39
平均每人GNI、當期價格U.S.元,2013,Y,原始值,22552
平均每人GNI、當期價格U.S.元,2013,Y,年增率(%),2.87
平均每人GNI、當期價格U.S.元,2014,Y,原始值,23492
平均每人GNI、當期價格U.S.元,2014,Y,年增率(%),4.17
平均每人GNI、當期價格U.S.元,2015,Y,原始值,23367
平均每人GNI、當期價格U.S.元,2015,Y,年增率(%),-0.53
平均每人GNI、當期價格U.S.元,2016,Y,原始值,23684
平均每人GNI、當期價格U.S.元,2016,Y,年增率(%),1.36
平均每人GNI、當期價格U.S.元,2017,Y,原始值,25704
平均每人GNI、當期價格U.S.元,2017,Y,年增率(%),8.53
平均每人GNI、當期價格U.S.元,2018,Y,原始值,26421
平均每人GNI、當期價格U.S.元,2018,Y,年增率(%),2.79
平均每人GNI、當期價格U.S.元,2019,Y,原始值,26561
平均每人GNI、當期價格U.S.元,2019,Y,年增率(%),0.53
平均每人GNI、當期價格U.S.元,2020,Y,原始值,29369
平均每人GNI、當期價格U.S.元,2020,Y,年增率(%),10.57
平均每人GNI、當期價格U.S.元,2021,Y,原始值,33808
平均每人GNI、當期價格U.S.元,2021,Y,年增率(%),15.11
平均每人GNI、當期價格U.S.元,2022,Y,原始值,33624
平均每人GNI、當期價格U.S.元,2022,Y,年增率(%),-0.54
平均每人GDP、當期價格N.T.元,1951,Y,原始值,1589
平均每人GDP、當期價格N.T.元,1951,Y,年增率(%),
平均每人GDP、當期價格N.T.元,1952,Y,原始值,2147
平均每人GDP、當期價格N.T.元,1952,Y,年增率(%),35.12
平均每人GDP、當期價格N.T.元,1953,Y,原始值,2764
平均每人GDP、當期價格N.T.元,1953,Y,年增率(%),28.74
平均每人GDP、當期價格N.T.元,1954,Y,原始值,2928
平均每人GDP、當期價格N.T.元,1954,Y,年增率(%),5.93
平均每人GDP、當期價格N.T.元,1955,Y,原始值,3364
平均每人GDP、當期價格N.T.元,1955,Y,年增率(%),14.89
平均每人GDP、當期價格N.T.元,1956,Y,原始值,3732
平均每人GDP、當期價格N.T.元,1956,Y,年增率(%),10.94
平均每人GDP、當期價格N.T.元,1957,Y,原始值,4225
平均每人GDP、當期價格N.T.元,1957,Y,年增率(%),13.21
平均每人GDP、當期價格N.T.元,1958,Y,原始值,4586
平均每人GDP、當期價格N.T.元,1958,Y,年增率(%),8.54
平均每人GDP、當期價格N.T.元,1959,Y,原始值,5105
平均每人GDP、當期價格N.T.元,1959,Y,年增率(%),11.32
平均每人GDP、當期價格N.T.元,1960,Y,原始值,5943
平均每人GDP、當期價格N.T.元,1960,Y,年增率(%),16.42
平均每人GDP、當期價格N.T.元,1961,Y,原始值,6448
平均每人GDP、當期價格N.T.元,1961,Y,年增率(%),8.5
平均每人GDP、當期價格N.T.元,1962,Y,原始值,6882
平均每人GDP、當期價格N.T.元,1962,Y,年增率(%),6.73
平均每人GDP、當期價格N.T.元,1963,Y,原始值,7544
平均每人GDP、當期價格N.T.元,1963,Y,年增率(%),9.62
平均每人GDP、當期價格N.T.元,1964,Y,原始值,8541
平均每人GDP、當期價格N.T.元,1964,Y,年增率(%),13.22
平均每人GDP、當期價格N.T.元,1965,Y,原始值,9172
平均每人GDP、當期價格N.T.元,1965,Y,年增率(%),7.39
平均每人GDP、當期價格N.T.元,1966,Y,原始值,9964
平均每人GDP、當期價格N.T.元,1966,Y,年增率(%),8.63
平均每人GDP、當期價格N.T.元,1967,Y,原始值,11230
平均每人GDP、當期價格N.T.元,1967,Y,年增率(%),12.71
平均每人GDP、當期價格N.T.元,1968,Y,原始值,12769
平均每人GDP、當期價格N.T.元,1968,Y,年增率(%),13.7
平均每人GDP、當期價格N.T.元,1969,Y,原始值,14265
平均每人GDP、當期價格N.T.元,1969,Y,年增率(%),11.72
平均每人GDP、當期價格N.T.元,1970,Y,原始值,15868
平均每人GDP、當期價格N.T.元,1970,Y,年增率(%),11.24
平均每人GDP、當期價格N.T.元,1971,Y,原始值,18043
平均每人GDP、當期價格N.T.元,1971,Y,年增率(%),13.71
平均每人GDP、當期價格N.T.元,1972,Y,原始值,21189
平均每人GDP、當期價格N.T.元,1972,Y,年增率(%),17.44
平均每人GDP、當期價格N.T.元,1973,Y,原始值,26989
平均每人GDP、當期價格N.T.元,1973,Y,年增率(%),27.37
平均每人GDP、當期價格N.T.元,1974,Y,原始值,35483
平均每人GDP、當期價格N.T.元,1974,Y,年增率(%),31.47
平均每人GDP、當期價格N.T.元,1975,Y,原始值,37435
平均每人GDP、當期價格N.T.元,1975,Y,年增率(%),5.5
平均每人GDP、當期價格N.T.元,1976,Y,原始值,43992
平均每人GDP、當期價格N.T.元,1976,Y,年增率(%),17.52
平均每人GDP、當期價格N.T.元,1977,Y,原始值,50541
平均每人GDP、當期價格N.T.元,1977,Y,年增率(%),14.89
平均每人GDP、當期價格N.T.元,1978,Y,原始值,59348
平均每人GDP、當期價格N.T.元,1978,Y,年增率(%),17.43
平均每人GDP、當期價格N.T.元,1979,Y,原始值,70196
平均每人GDP、當期價格N.T.元,1979,Y,年增率(%),18.28
平均每人GDP、當期價格N.T.元,1980,Y,原始值,85995
平均每人GDP、當期價格N.T.元,1980,Y,年增率(%),22.51
平均每人GDP、當期價格N.T.元,1981,Y,原始值,100079
平均每人GDP、當期價格N.T.元,1981,Y,年增率(%),16.38
平均每人GDP、當期價格N.T.元,1982,Y,原始值,105586
平均每人GDP、當期價格N.T.元,1982,Y,年增率(%),5.5
平均每人GDP、當期價格N.T.元,1983,Y,原始值,116305
平均每人GDP、當期價格N.T.元,1983,Y,年增率(%),10.15
平均每人GDP、當期價格N.T.元,1984,Y,原始值,127747
平均每人GDP、當期價格N.T.元,1984,Y,年增率(%),9.84
平均每人GDP、當期價格N.T.元,1985,Y,原始值,132093
平均每人GDP、當期價格N.T.元,1985,Y,年增率(%),3.4
平均每人GDP、當期價格N.T.元,1986,Y,原始值,152768
平均每人GDP、當期價格N.T.元,1986,Y,年增率(%),15.65
平均每人GDP、當期價格N.T.元,1987,Y,原始值,170512
平均每人GDP、當期價格N.T.元,1987,Y,年增率(%),11.61
平均每人GDP、當期價格N.T.元,1988,Y,原始值,182244
平均每人GDP、當期價格N.T.元,1988,Y,年增率(%),6.88
平均每人GDP、當期價格N.T.元,1989,Y,原始值,201065
平均每人GDP、當期價格N.T.元,1989,Y,年增率(%),10.33
平均每人GDP、當期價格N.T.元,1990,Y,原始值,220637
平均每人GDP、當期價格N.T.元,1990,Y,年增率(%),9.73
平均每人GDP、當期價格N.T.元,1991,Y,原始值,244739
平均每人GDP、當期價格N.T.元,1991,Y,年增率(%),10.92
平均每人GDP、當期價格N.T.元,1992,Y,原始值,270928
平均每人GDP、當期價格N.T.元,1992,Y,年增率(%),10.7
平均每人GDP、當期價格N.T.元,1993,Y,原始值,296672
平均每人GDP、當期價格N.T.元,1993,Y,年增率(%),9.5
平均每人GDP、當期價格N.T.元,1994,Y,原始值,321502
平均每人GDP、當期價格N.T.元,1994,Y,年增率(%),8.37
平均每人GDP、當期價格N.T.元,1995,Y,原始值,347526
平均每人GDP、當期價格N.T.元,1995,Y,年增率(%),8.09
平均每人GDP、當期價格N.T.元,1996,Y,原始值,374569
平均每人GDP、當期價格N.T.元,1996,Y,年增率(%),7.78
平均每人GDP、當期價格N.T.元,1997,Y,原始值,402380
平均每人GDP、當期價格N.T.元,1997,Y,年增率(%),7.42
平均每人GDP、當期價格N.T.元,1998,Y,原始值,428946
平均每人GDP、當期價格N.T.元,1998,Y,年增率(%),6.6
平均每人GDP、當期價格N.T.元,1999,Y,原始值,445447
平均每人GDP、當期價格N.T.元,1999,Y,年增率(%),3.85
平均每人GDP、當期價格N.T.元,2000,Y,原始值,465574
平均每人GDP、當期價格N.T.元,2000,Y,年增率(%),4.52
平均每人GDP、當期價格N.T.元,2001,Y,原始值,452951
平均每人GDP、當期價格N.T.元,2001,Y,年增率(%),-2.71
平均每人GDP、當期價格N.T.元,2002,Y,原始值,473260
平均每人GDP、當期價格N.T.元,2002,Y,年增率(%),4.48
平均每人GDP、當期價格N.T.元,2003,Y,原始值,484164
平均每人GDP、當期價格N.T.元,2003,Y,年增率(%),2.3
平均每人GDP、當期價格N.T.元,2004,Y,原始值,512047
平均每人GDP、當期價格N.T.元,2004,Y,年增率(%),5.76
平均每人GDP、當期價格N.T.元,2005,Y,原始值,529556
平均每人GDP、當期價格N.T.元,2005,Y,年增率(%),3.42
平均每人GDP、當期價格N.T.元,2006,Y,原始值,550863
平均每人GDP、當期價格N.T.元,2006,Y,年增率(%),4.02
平均每人GDP、當期價格N.T.元,2007,Y,原始值,583133
平均每人GDP、當期價格N.T.元,2007,Y,年增率(%),5.86
平均每人GDP、當期價格N.T.元,2008,Y,原始值,570279
平均每人GDP、當期價格N.T.元,2008,Y,年增率(%),-2.2
平均每人GDP、當期價格N.T.元,2009,Y,原始值,559807
平均每人GDP、當期價格N.T.元,2009,Y,年增率(%),-1.84
平均每人GDP、當期價格N.T.元,2010,Y,原始值,607596
平均每人GDP、當期價格N.T.元,2010,Y,年增率(%),8.54
平均每人GDP、當期價格N.T.元,2011,Y,原始值,614922
平均每人GDP、當期價格N.T.元,2011,Y,年增率(%),1.21
平均每人GDP、當期價格N.T.元,2012,Y,原始值,630749
平均每人GDP、當期價格N.T.元,2012,Y,年增率(%),2.57
平均每人GDP、當期價格N.T.元,2013,Y,原始值,654142
平均每人GDP、當期價格N.T.元,2013,Y,年增率(%),3.71
平均每人GDP、當期價格N.T.元,2014,Y,原始值,694680
平均每人GDP、當期價格N.T.元,2014,Y,年增率(%),6.2
平均每人GDP、當期價格N.T.元,2015,Y,原始值,726895
平均每人GDP、當期價格N.T.元,2015,Y,年增率(%),4.64
平均每人GDP、當期價格N.T.元,2016,Y,原始值,746526
平均每人GDP、當期價格N.T.元,2016,Y,年增率(%),2.7
平均每人GDP、當期價格N.T.元,2017,Y,原始值,763445
平均每人GDP、當期價格N.T.元,2017,Y,年增率(%),2.27
平均每人GDP、當期價格N.T.元,2018,Y,原始值,779260
平均每人GDP、當期價格N.T.元,2018,Y,年增率(%),2.07
平均每人GDP、當期價格N.T.元,2019,Y,原始值,801348
平均每人GDP、當期價格N.T.元,2019,Y,年增率(%),2.83
平均每人GDP、當期價格N.T.元,2020,Y,原始值,844485
平均每人GDP、當期價格N.T.元,2020,Y,年增率(%),5.38
平均每人GDP、當期價格N.T.元,2021,Y,原始值,923086
平均每人GDP、當期價格N.T.元,2021,Y,年增率(%),9.31
平均每人GDP、當期價格N.T.元,2022,Y,原始值,972550
平均每人GDP、當期價格N.T.元,2022,Y,年增率(%),5.36
平均每人GDP、當期價格U.S.元,1951,Y,原始值,154
平均每人GDP、當期價格U.S.元,1951,Y,年增率(%),
平均每人GDP、當期價格U.S.元,1952,Y,原始值,208
平均每人GDP、當期價格U.S.元,1952,Y,年增率(%),35.06
平均每人GDP、當期價格U.S.元,1953,Y,原始值,178
平均每人GDP、當期價格U.S.元,1953,Y,年增率(%),-14.42
平均每人GDP、當期價格U.S.元,1954,Y,原始值,188
平均每人GDP、當期價格U.S.元,1954,Y,年增率(%),5.62
平均每人GDP、當期價格U.S.元,1955,Y,原始值,216
平均每人GDP、當期價格U.S.元,1955,Y,年增率(%),14.89
平均每人GDP、當期價格U.S.元,1956,Y,原始值,151
平均每人GDP、當期價格U.S.元,1956,Y,年增率(%),-30.09
平均每人GDP、當期價格U.S.元,1957,Y,原始值,170
平均每人GDP、當期價格U.S.元,1957,Y,年增率(%),12.58
平均每人GDP、當期價格U.S.元,1958,Y,原始值,185
平均每人GDP、當期價格U.S.元,1958,Y,年增率(%),8.82
平均每人GDP、當期價格U.S.元,1959,Y,原始值,140
平均每人GDP、當期價格U.S.元,1959,Y,年增率(%),-24.32
平均每人GDP、當期價格U.S.元,1960,Y,原始值,163
平均每人GDP、當期價格U.S.元,1960,Y,年增率(%),16.43
平均每人GDP、當期價格U.S.元,1961,Y,原始值,161
平均每人GDP、當期價格U.S.元,1961,Y,年增率(%),-1.23
平均每人GDP、當期價格U.S.元,1962,Y,原始值,172
平均每人GDP、當期價格U.S.元,1962,Y,年增率(%),6.83
平均每人GDP、當期價格U.S.元,1963,Y,原始值,189
平均每人GDP、當期價格U.S.元,1963,Y,年增率(%),9.88
平均每人GDP、當期價格U.S.元,1964,Y,原始值,214
平均每人GDP、當期價格U.S.元,1964,Y,年增率(%),13.23
平均每人GDP、當期價格U.S.元,1965,Y,原始值,229
平均每人GDP、當期價格U.S.元,1965,Y,年增率(%),7.01
平均每人GDP、當期價格U.S.元,1966,Y,原始值,249
平均每人GDP、當期價格U.S.元,1966,Y,年增率(%),8.73
平均每人GDP、當期價格U.S.元,1967,Y,原始值,281
平均每人GDP、當期價格U.S.元,1967,Y,年增率(%),12.85
平均每人GDP、當期價格U.S.元,1968,Y,原始值,319
平均每人GDP、當期價格U.S.元,1968,Y,年增率(%),13.52
平均每人GDP、當期價格U.S.元,1969,Y,原始值,357
平均每人GDP、當期價格U.S.元,1969,Y,年增率(%),11.91
平均每人GDP、當期價格U.S.元,1970,Y,原始值,397
平均每人GDP、當期價格U.S.元,1970,Y,年增率(%),11.2
平均每人GDP、當期價格U.S.元,1971,Y,原始值,451
平均每人GDP、當期價格U.S.元,1971,Y,年增率(%),13.6
平均每人GDP、當期價格U.S.元,1972,Y,原始值,530
平均每人GDP、當期價格U.S.元,1972,Y,年增率(%),17.52
平均每人GDP、當期價格U.S.元,1973,Y,原始值,706
平均每人GDP、當期價格U.S.元,1973,Y,年增率(%),33.21
平均每人GDP、當期價格U.S.元,1974,Y,原始值,934
平均每人GDP、當期價格U.S.元,1974,Y,年增率(%),32.29
平均每人GDP、當期價格U.S.元,1975,Y,原始值,985
平均每人GDP、當期價格U.S.元,1975,Y,年增率(%),5.46
平均每人GDP、當期價格U.S.元,1976,Y,原始值,1158
平均每人GDP、當期價格U.S.元,1976,Y,年增率(%),17.56
平均每人GDP、當期價格U.S.元,1977,Y,原始值,1330
平均每人GDP、當期價格U.S.元,1977,Y,年增率(%),14.85
平均每人GDP、當期價格U.S.元,1978,Y,原始值,1606
平均每人GDP、當期價格U.S.元,1978,Y,年增率(%),20.75
平均每人GDP、當期價格U.S.元,1979,Y,原始值,1950
平均每人GDP、當期價格U.S.元,1979,Y,年增率(%),21.42
平均每人GDP、當期價格U.S.元,1980,Y,原始值,2389
平均每人GDP、當期價格U.S.元,1980,Y,年增率(%),22.51
平均每人GDP、當期價格U.S.元,1981,Y,原始值,2720
平均每人GDP、當期價格U.S.元,1981,Y,年增率(%),13.86
平均每人GDP、當期價格U.S.元,1982,Y,原始值,2699
平均每人GDP、當期價格U.S.元,1982,Y,年增率(%),-0.77
平均每人GDP、當期價格U.S.元,1983,Y,原始值,2903
平均每人GDP、當期價格U.S.元,1983,Y,年增率(%),7.56
平均每人GDP、當期價格U.S.元,1984,Y,原始值,3224
平均每人GDP、當期價格U.S.元,1984,Y,年增率(%),11.06
平均每人GDP、當期價格U.S.元,1985,Y,原始值,3314
平均每人GDP、當期價格U.S.元,1985,Y,年增率(%),2.79
平均每人GDP、當期價格U.S.元,1986,Y,原始值,4036
平均每人GDP、當期價格U.S.元,1986,Y,年增率(%),21.79
平均每人GDP、當期價格U.S.元,1987,Y,原始值,5350
平均每人GDP、當期價格U.S.元,1987,Y,年增率(%),32.56
平均每人GDP、當期價格U.S.元,1988,Y,原始值,6370
平均每人GDP、當期價格U.S.元,1988,Y,年增率(%),19.07
平均每人GDP、當期價格U.S.元,1989,Y,原始值,7613
平均每人GDP、當期價格U.S.元,1989,Y,年增率(%),19.51
平均每人GDP、當期價格U.S.元,1990,Y,原始值,8205
平均每人GDP、當期價格U.S.元,1990,Y,年增率(%),7.78
平均每人GDP、當期價格U.S.元,1991,Y,原始值,9125
平均每人GDP、當期價格U.S.元,1991,Y,年增率(%),11.21
平均每人GDP、當期價格U.S.元,1992,Y,原始值,10768
平均每人GDP、當期價格U.S.元,1992,Y,年增率(%),18.01
平均每人GDP、當期價格U.S.元,1993,Y,原始值,11242
平均每人GDP、當期價格U.S.元,1993,Y,年增率(%),4.4
平均每人GDP、當期價格U.S.元,1994,Y,原始值,12150
平均每人GDP、當期價格U.S.元,1994,Y,年增率(%),8.08
平均每人GDP、當期價格U.S.元,1995,Y,原始值,13119
平均每人GDP、當期價格U.S.元,1995,Y,年增率(%),7.98
平均每人GDP、當期價格U.S.元,1996,Y,原始值,13641
平均每人GDP、當期價格U.S.元,1996,Y,年增率(%),3.98
平均每人GDP、當期價格U.S.元,1997,Y,原始值,14020
平均每人GDP、當期價格U.S.元,1997,Y,年增率(%),2.78
平均每人GDP、當期價格U.S.元,1998,Y,原始值,12820
平均每人GDP、當期價格U.S.元,1998,Y,年增率(%),-8.56
平均每人GDP、當期價格U.S.元,1999,Y,原始值,13804
平均每人GDP、當期價格U.S.元,1999,Y,年增率(%),7.68
平均每人GDP、當期價格U.S.元,2000,Y,原始值,14908
平均每人GDP、當期價格U.S.元,2000,Y,年增率(%),8
平均每人GDP、當期價格U.S.元,2001,Y,原始值,13397
平均每人GDP、當期價格U.S.元,2001,Y,年增率(%),-10.14
平均每人GDP、當期價格U.S.元,2002,Y,原始值,13686
平均每人GDP、當期價格U.S.元,2002,Y,年增率(%),2.16
平均每人GDP、當期價格U.S.元,2003,Y,原始值,14066
平均每人GDP、當期價格U.S.元,2003,Y,年增率(%),2.78
平均每人GDP、當期價格U.S.元,2004,Y,原始值,15317
平均每人GDP、當期價格U.S.元,2004,Y,年增率(%),8.89
平均每人GDP、當期價格U.S.元,2005,Y,原始值,16456
平均每人GDP、當期價格U.S.元,2005,Y,年增率(%),7.44
平均每人GDP、當期價格U.S.元,2006,Y,原始值,16934
平均每人GDP、當期價格U.S.元,2006,Y,年增率(%),2.9
平均每人GDP、當期價格U.S.元,2007,Y,原始值,17757
平均每人GDP、當期價格U.S.元,2007,Y,年增率(%),4.86
平均每人GDP、當期價格U.S.元,2008,Y,原始值,18081
平均每人GDP、當期價格U.S.元,2008,Y,年增率(%),1.82
平均每人GDP、當期價格U.S.元,2009,Y,原始值,16933
平均每人GDP、當期價格U.S.元,2009,Y,年增率(%),-6.35
平均每人GDP、當期價格U.S.元,2010,Y,原始值,19197
平均每人GDP、當期價格U.S.元,2010,Y,年增率(%),13.37
平均每人GDP、當期價格U.S.元,2011,Y,原始值,20866
平均每人GDP、當期價格U.S.元,2011,Y,年增率(%),8.69
平均每人GDP、當期價格U.S.元,2012,Y,原始值,21295
平均每人GDP、當期價格U.S.元,2012,Y,年增率(%),2.06
平均每人GDP、當期價格U.S.元,2013,Y,原始值,21973
平均每人GDP、當期價格U.S.元,2013,Y,年增率(%),3.18
平均每人GDP、當期價格U.S.元,2014,Y,原始值,22874
平均每人GDP、當期價格U.S.元,2014,Y,年增率(%),4.1
平均每人GDP、當期價格U.S.元,2015,Y,原始值,22780
平均每人GDP、當期價格U.S.元,2015,Y,年增率(%),-0.41
平均每人GDP、當期價格U.S.元,2016,Y,原始值,23091
平均每人GDP、當期價格U.S.元,2016,Y,年增率(%),1.37
平均每人GDP、當期價格U.S.元,2017,Y,原始值,25080
平均每人GDP、當期價格U.S.元,2017,Y,年增率(%),8.61
平均每人GDP、當期價格U.S.元,2018,Y,原始值,25838
平均每人GDP、當期價格U.S.元,2018,Y,年增率(%),3.02
平均每人GDP、當期價格U.S.元,2019,Y,原始值,25908
平均每人GDP、當期價格U.S.元,2019,Y,年增率(%),0.27
平均每人GDP、當期價格U.S.元,2020,Y,原始值,28549
平均每人GDP、當期價格U.S.元,2020,Y,年增率(%),10.19
平均每人GDP、當期價格U.S.元,2021,Y,原始值,32944
平均每人GDP、當期價格U.S.元,2021,Y,年增率(%),15.39
平均每人GDP、當期價格U.S.元,2022,Y,原始值,32625
平均每人GDP、當期價格U.S.元,2022,Y,年增率(%),-0.97
平均每人NI、當期價格N.T.元,1951,Y,原始值,1582
平均每人NI、當期價格N.T.元,1951,Y,年增率(%),
平均每人NI、當期價格N.T.元,1952,Y,原始值,2127
平均每人NI、當期價格N.T.元,1952,Y,年增率(%),34.45
平均每人NI、當期價格N.T.元,1953,Y,原始值,2726
平均每人NI、當期價格N.T.元,1953,Y,年增率(%),28.16
平均每人NI、當期價格N.T.元,1954,Y,原始值,2864
平均每人NI、當期價格N.T.元,1954,Y,年增率(%),5.06
平均每人NI、當期價格N.T.元,1955,Y,原始值,3270
平均每人NI、當期價格N.T.元,1955,Y,年增率(%),14.18
平均每人NI、當期價格N.T.元,1956,Y,原始值,3611
平均每人NI、當期價格N.T.元,1956,Y,年增率(%),10.43
平均每人NI、當期價格N.T.元,1957,Y,原始值,4060
平均每人NI、當期價格N.T.元,1957,Y,年增率(%),12.43
平均每人NI、當期價格N.T.元,1958,Y,原始值,4376
平均每人NI、當期價格N.T.元,1958,Y,年增率(%),7.78
平均每人NI、當期價格N.T.元,1959,Y,原始值,4858
平均每人NI、當期價格N.T.元,1959,Y,年增率(%),11.01
平均每人NI、當期價格N.T.元,1960,Y,原始值,5669
平均每人NI、當期價格N.T.元,1960,Y,年增率(%),16.69
平均每人NI、當期價格N.T.元,1961,Y,原始值,6123
平均每人NI、當期價格N.T.元,1961,Y,年增率(%),8.01
平均每人NI、當期價格N.T.元,1962,Y,原始值,6515
平均每人NI、當期價格N.T.元,1962,Y,年增率(%),6.4
平均每人NI、當期價格N.T.元,1963,Y,原始值,7155
平均每人NI、當期價格N.T.元,1963,Y,年增率(%),9.82
平均每人NI、當期價格N.T.元,1964,Y,原始值,8117
平均每人NI、當期價格N.T.元,1964,Y,年增率(%),13.45
平均每人NI、當期價格N.T.元,1965,Y,原始值,8681
平均每人NI、當期價格N.T.元,1965,Y,年增率(%),6.95
平均每人NI、當期價格N.T.元,1966,Y,原始值,9420
平均每人NI、當期價格N.T.元,1966,Y,年增率(%),8.51
平均每人NI、當期價格N.T.元,1967,Y,原始值,10573
平均每人NI、當期價格N.T.元,1967,Y,年增率(%),12.24
平均每人NI、當期價格N.T.元,1968,Y,原始值,11978
平均每人NI、當期價格N.T.元,1968,Y,年增率(%),13.29
平均每人NI、當期價格N.T.元,1969,Y,原始值,13341
平均每人NI、當期價格N.T.元,1969,Y,年增率(%),11.38
平均每人NI、當期價格N.T.元,1970,Y,原始值,14825
平均每人NI、當期價格N.T.元,1970,Y,年增率(%),11.12
平均每人NI、當期價格N.T.元,1971,Y,原始值,16843
平均每人NI、當期價格N.T.元,1971,Y,年增率(%),13.61
平均每人NI、當期價格N.T.元,1972,Y,原始值,19705
平均每人NI、當期價格N.T.元,1972,Y,年增率(%),16.99
平均每人NI、當期價格N.T.元,1973,Y,原始值,24882
平均每人NI、當期價格N.T.元,1973,Y,年增率(%),26.27
平均每人NI、當期價格N.T.元,1974,Y,原始值,32203
平均每人NI、當期價格N.T.元,1974,Y,年增率(%),29.42
平均每人NI、當期價格N.T.元,1975,Y,原始值,33490
平均每人NI、當期價格N.T.元,1975,Y,年增率(%),4
平均每人NI、當期價格N.T.元,1976,Y,原始值,39344
平均每人NI、當期價格N.T.元,1976,Y,年增率(%),17.48
平均每人NI、當期價格N.T.元,1977,Y,原始值,45247
平均每人NI、當期價格N.T.元,1977,Y,年增率(%),15
平均每人NI、當期價格N.T.元,1978,Y,原始值,53614
平均每人NI、當期價格N.T.元,1978,Y,年增率(%),18.49
平均每人NI、當期價格N.T.元,1979,Y,原始值,63241
平均每人NI、當期價格N.T.元,1979,Y,年增率(%),17.96
平均每人NI、當期價格N.T.元,1980,Y,原始值,76997
平均每人NI、當期價格N.T.元,1980,Y,年增率(%),21.75
平均每人NI、當期價格N.T.元,1981,Y,原始值,89434
平均每人NI、當期價格N.T.元,1981,Y,年增率(%),16.15
平均每人NI、當期價格N.T.元,1982,Y,原始值,94880
平均每人NI、當期價格N.T.元,1982,Y,年增率(%),6.09
平均每人NI、當期價格N.T.元,1983,Y,原始值,104318
平均每人NI、當期價格N.T.元,1983,Y,年增率(%),9.95
平均每人NI、當期價格N.T.元,1984,Y,原始值,116505
平均每人NI、當期價格N.T.元,1984,Y,年增率(%),11.68
平均每人NI、當期價格N.T.元,1985,Y,原始值,121231
平均每人NI、當期價格N.T.元,1985,Y,年增率(%),4.06
平均每人NI、當期價格N.T.元,1986,Y,原始值,142839
平均每人NI、當期價格N.T.元,1986,Y,年增率(%),17.82
平均每人NI、當期價格N.T.元,1987,Y,原始值,158457
平均每人NI、當期價格N.T.元,1987,Y,年增率(%),10.93
平均每人NI、當期價格N.T.元,1988,Y,原始值,170565
平均每人NI、當期價格N.T.元,1988,Y,年增率(%),7.64
平均每人NI、當期價格N.T.元,1989,Y,原始值,189065
平均每人NI、當期價格N.T.元,1989,Y,年增率(%),10.85
平均每人NI、當期價格N.T.元,1990,Y,原始值,206065
平均每人NI、當期價格N.T.元,1990,Y,年增率(%),8.99
平均每人NI、當期價格N.T.元,1991,Y,原始值,228358
平均每人NI、當期價格N.T.元,1991,Y,年增率(%),10.82
平均每人NI、當期價格N.T.元,1992,Y,原始值,248572
平均每人NI、當期價格N.T.元,1992,Y,年增率(%),8.85
平均每人NI、當期價格N.T.元,1993,Y,原始值,271633
平均每人NI、當期價格N.T.元,1993,Y,年增率(%),9.28
平均每人NI、當期價格N.T.元,1994,Y,原始值,294112
平均每人NI、當期價格N.T.元,1994,Y,年增率(%),8.28
平均每人NI、當期價格N.T.元,1995,Y,原始值,315771
平均每人NI、當期價格N.T.元,1995,Y,年增率(%),7.36
平均每人NI、當期價格N.T.元,1996,Y,原始值,340354
平均每人NI、當期價格N.T.元,1996,Y,年增率(%),7.79
平均每人NI、當期價格N.T.元,1997,Y,原始值,364972
平均每人NI、當期價格N.T.元,1997,Y,年增率(%),7.23
平均每人NI、當期價格N.T.元,1998,Y,原始值,383537
平均每人NI、當期價格N.T.元,1998,Y,年增率(%),5.09
平均每人NI、當期價格N.T.元,1999,Y,原始值,397319
平均每人NI、當期價格N.T.元,1999,Y,年增率(%),3.59
平均每人NI、當期價格N.T.元,2000,Y,原始值,416031
平均每人NI、當期價格N.T.元,2000,Y,年增率(%),4.71
平均每人NI、當期價格N.T.元,2001,Y,原始值,401946
平均每人NI、當期價格N.T.元,2001,Y,年增率(%),-3.39
平均每人NI、當期價格N.T.元,2002,Y,原始值,420616
平均每人NI、當期價格N.T.元,2002,Y,年增率(%),4.64
平均每人NI、當期價格N.T.元,2003,Y,原始值,435810
平均每人NI、當期價格N.T.元,2003,Y,年增率(%),3.61
平均每人NI、當期價格N.T.元,2004,Y,原始值,459084
平均每人NI、當期價格N.T.元,2004,Y,年增率(%),5.34
平均每人NI、當期價格N.T.元,2005,Y,原始值,468828
平均每人NI、當期價格N.T.元,2005,Y,年增率(%),2.12
平均每人NI、當期價格N.T.元,2006,Y,原始值,483897
平均每人NI、當期價格N.T.元,2006,Y,年增率(%),3.21
平均每人NI、當期價格N.T.元,2007,Y,原始值,503548
平均每人NI、當期價格N.T.元,2007,Y,年增率(%),4.06
平均每人NI、當期價格N.T.元,2008,Y,原始值,482543
平均每人NI、當期價格N.T.元,2008,Y,年增率(%),-4.17
平均每人NI、當期價格N.T.元,2009,Y,原始值,473259
平均每人NI、當期價格N.T.元,2009,Y,年增率(%),-1.92
平均每人NI、當期價格N.T.元,2010,Y,原始值,524234
平均每人NI、當期價格N.T.元,2010,Y,年增率(%),10.77
平均每人NI、當期價格N.T.元,2011,Y,原始值,527186
平均每人NI、當期價格N.T.元,2011,Y,年增率(%),0.56
平均每人NI、當期價格N.T.元,2012,Y,原始值,537021
平均每人NI、當期價格N.T.元,2012,Y,年增率(%),1.87
平均每人NI、當期價格N.T.元,2013,Y,原始值,565198
平均每人NI、當期價格N.T.元,2013,Y,年增率(%),5.25
平均每人NI、當期價格N.T.元,2014,Y,原始值,607264
平均每人NI、當期價格N.T.元,2014,Y,年增率(%),7.44
平均每人NI、當期價格N.T.元,2015,Y,原始值,633367
平均每人NI、當期價格N.T.元,2015,Y,年增率(%),4.3
平均每人NI、當期價格N.T.元,2016,Y,原始值,650854
平均每人NI、當期價格N.T.元,2016,Y,年增率(%),2.76
平均每人NI、當期價格N.T.元,2017,Y,原始值,667945
平均每人NI、當期價格N.T.元,2017,Y,年增率(%),2.63
平均每人NI、當期價格N.T.元,2018,Y,原始值,677201
平均每人NI、當期價格N.T.元,2018,Y,年增率(%),1.39
平均每人NI、當期價格N.T.元,2019,Y,原始值,691326
平均每人NI、當期價格N.T.元,2019,Y,年增率(%),2.09
平均每人NI、當期價格N.T.元,2020,Y,原始值,730744
平均每人NI、當期價格N.T.元,2020,Y,年增率(%),5.7
平均每人NI、當期價格N.T.元,2021,Y,原始值,805883
平均每人NI、當期價格N.T.元,2021,Y,年增率(%),10.28
平均每人NI、當期價格N.T.元,2022,Y,原始值,838294
平均每人NI、當期價格N.T.元,2022,Y,年增率(%),4.02
平均每人NI、當期價格U.S.元,1951,Y,原始值,154
平均每人NI、當期價格U.S.元,1951,Y,年增率(%),
平均每人NI、當期價格U.S.元,1952,Y,原始值,207
平均每人NI、當期價格U.S.元,1952,Y,年增率(%),34.42
平均每人NI、當期價格U.S.元,1953,Y,原始值,175
平均每人NI、當期價格U.S.元,1953,Y,年增率(%),-15.46
平均每人NI、當期價格U.S.元,1954,Y,原始值,184
平均每人NI、當期價格U.S.元,1954,Y,年增率(%),5.14
平均每人NI、當期價格U.S.元,1955,Y,原始值,210
平均每人NI、當期價格U.S.元,1955,Y,年增率(%),14.13
平均每人NI、當期價格U.S.元,1956,Y,原始值,146
平均每人NI、當期價格U.S.元,1956,Y,年增率(%),-30.48
平均每人NI、當期價格U.S.元,1957,Y,原始值,164
平均每人NI、當期價格U.S.元,1957,Y,年增率(%),12.33
平均每人NI、當期價格U.S.元,1958,Y,原始值,177
平均每人NI、當期價格U.S.元,1958,Y,年增率(%),7.93
平均每人NI、當期價格U.S.元,1959,Y,原始值,134
平均每人NI、當期價格U.S.元,1959,Y,年增率(%),-24.29
平均每人NI、當期價格U.S.元,1960,Y,原始值,156
平均每人NI、當期價格U.S.元,1960,Y,年增率(%),16.42
平均每人NI、當期價格U.S.元,1961,Y,原始值,153
平均每人NI、當期價格U.S.元,1961,Y,年增率(%),-1.92
平均每人NI、當期價格U.S.元,1962,Y,原始值,163
平均每人NI、當期價格U.S.元,1962,Y,年增率(%),6.54
平均每人NI、當期價格U.S.元,1963,Y,原始值,179
平均每人NI、當期價格U.S.元,1963,Y,年增率(%),9.82
平均每人NI、當期價格U.S.元,1964,Y,原始值,203
平均每人NI、當期價格U.S.元,1964,Y,年增率(%),13.41
平均每人NI、當期價格U.S.元,1965,Y,原始值,217
平均每人NI、當期價格U.S.元,1965,Y,年增率(%),6.9
平均每人NI、當期價格U.S.元,1966,Y,原始值,235
平均每人NI、當期價格U.S.元,1966,Y,年增率(%),8.29
平均每人NI、當期價格U.S.元,1967,Y,原始值,264
平均每人NI、當期價格U.S.元,1967,Y,年增率(%),12.34
平均每人NI、當期價格U.S.元,1968,Y,原始值,299
平均每人NI、當期價格U.S.元,1968,Y,年增率(%),13.26
平均每人NI、當期價格U.S.元,1969,Y,原始值,334
平均每人NI、當期價格U.S.元,1969,Y,年增率(%),11.71
平均每人NI、當期價格U.S.元,1970,Y,原始值,371
平均每人NI、當期價格U.S.元,1970,Y,年增率(%),11.08
平均每人NI、當期價格U.S.元,1971,Y,原始值,421
平均每人NI、當期價格U.S.元,1971,Y,年增率(%),13.48
平均每人NI、當期價格U.S.元,1972,Y,原始值,493
平均每人NI、當期價格U.S.元,1972,Y,年增率(%),17.1
平均每人NI、當期價格U.S.元,1973,Y,原始值,651
平均每人NI、當期價格U.S.元,1973,Y,年增率(%),32.05
平均每人NI、當期價格U.S.元,1974,Y,原始值,847
平均每人NI、當期價格U.S.元,1974,Y,年增率(%),30.11
平均每人NI、當期價格U.S.元,1975,Y,原始值,881
平均每人NI、當期價格U.S.元,1975,Y,年增率(%),4.01
平均每人NI、當期價格U.S.元,1976,Y,原始值,1035
平均每人NI、當期價格U.S.元,1976,Y,年增率(%),17.48
平均每人NI、當期價格U.S.元,1977,Y,原始值,1191
平均每人NI、當期價格U.S.元,1977,Y,年增率(%),15.07
平均每人NI、當期價格U.S.元,1978,Y,原始值,1451
平均每人NI、當期價格U.S.元,1978,Y,年增率(%),21.83
平均每人NI、當期價格U.S.元,1979,Y,原始值,1757
平均每人NI、當期價格U.S.元,1979,Y,年增率(%),21.09
平均每人NI、當期價格U.S.元,1980,Y,原始值,2139
平均每人NI、當期價格U.S.元,1980,Y,年增率(%),21.74
平均每人NI、當期價格U.S.元,1981,Y,原始值,2431
平均每人NI、當期價格U.S.元,1981,Y,年增率(%),13.65
平均每人NI、當期價格U.S.元,1982,Y,原始值,2425
平均每人NI、當期價格U.S.元,1982,Y,年增率(%),-0.25
平均每人NI、當期價格U.S.元,1983,Y,原始值,2604
平均每人NI、當期價格U.S.元,1983,Y,年增率(%),7.38
平均每人NI、當期價格U.S.元,1984,Y,原始值,2941
平均每人NI、當期價格U.S.元,1984,Y,年增率(%),12.94
平均每人NI、當期價格U.S.元,1985,Y,原始值,3041
平均每人NI、當期價格U.S.元,1985,Y,年增率(%),3.4
平均每人NI、當期價格U.S.元,1986,Y,原始值,3774
平均每人NI、當期價格U.S.元,1986,Y,年增率(%),24.1
平均每人NI、當期價格U.S.元,1987,Y,原始值,4972
平均每人NI、當期價格U.S.元,1987,Y,年增率(%),31.74
平均每人NI、當期價格U.S.元,1988,Y,原始值,5962
平均每人NI、當期價格U.S.元,1988,Y,年增率(%),19.91
平均每人NI、當期價格U.S.元,1989,Y,原始值,7159
平均每人NI、當期價格U.S.元,1989,Y,年增率(%),20.08
平均每人NI、當期價格U.S.元,1990,Y,原始值,7663
平均每人NI、當期價格U.S.元,1990,Y,年增率(%),7.04
平均每人NI、當期價格U.S.元,1991,Y,原始值,8514
平均每人NI、當期價格U.S.元,1991,Y,年增率(%),11.11
平均每人NI、當期價格U.S.元,1992,Y,原始值,9880
平均每人NI、當期價格U.S.元,1992,Y,年增率(%),16.04
平均每人NI、當期價格U.S.元,1993,Y,原始值,10293
平均每人NI、當期價格U.S.元,1993,Y,年增率(%),4.18
平均每人NI、當期價格U.S.元,1994,Y,原始值,11115
平均每人NI、當期價格U.S.元,1994,Y,年增率(%),7.99
平均每人NI、當期價格U.S.元,1995,Y,原始值,11920
平均每人NI、當期價格U.S.元,1995,Y,年增率(%),7.24
平均每人NI、當期價格U.S.元,1996,Y,原始值,12395
平均每人NI、當期價格U.S.元,1996,Y,年增率(%),3.98
平均每人NI、當期價格U.S.元,1997,Y,原始值,12717
平均每人NI、當期價格U.S.元,1997,Y,年增率(%),2.6
平均每人NI、當期價格U.S.元,1998,Y,原始值,11463
平均每人NI、當期價格U.S.元,1998,Y,年增率(%),-9.86
平均每人NI、當期價格U.S.元,1999,Y,原始值,12312
平均每人NI、當期價格U.S.元,1999,Y,年增率(%),7.41
平均每人NI、當期價格U.S.元,2000,Y,原始值,13322
平均每人NI、當期價格U.S.元,2000,Y,年增率(%),8.2
平均每人NI、當期價格U.S.元,2001,Y,原始值,11888
平均每人NI、當期價格U.S.元,2001,Y,年增率(%),-10.76
平均每人NI、當期價格U.S.元,2002,Y,原始值,12164
平均每人NI、當期價格U.S.元,2002,Y,年增率(%),2.32
平均每人NI、當期價格U.S.元,2003,Y,原始值,12662
平均每人NI、當期價格U.S.元,2003,Y,年增率(%),4.09
平均每人NI、當期價格U.S.元,2004,Y,原始值,13733
平均每人NI、當期價格U.S.元,2004,Y,年增率(%),8.46
平均每人NI、當期價格U.S.元,2005,Y,原始值,14569
平均每人NI、當期價格U.S.元,2005,Y,年增率(%),6.09
平均每人NI、當期價格U.S.元,2006,Y,原始值,14875
平均每人NI、當期價格U.S.元,2006,Y,年增率(%),2.1
平均每人NI、當期價格U.S.元,2007,Y,原始值,15333
平均每人NI、當期價格U.S.元,2007,Y,年增率(%),3.08
平均每人NI、當期價格U.S.元,2008,Y,原始值,15299
平均每人NI、當期價格U.S.元,2008,Y,年增率(%),-0.22
平均每人NI、當期價格U.S.元,2009,Y,原始值,14315
平均每人NI、當期價格U.S.元,2009,Y,年增率(%),-6.43
平均每人NI、當期價格U.S.元,2010,Y,原始值,16563
平均每人NI、當期價格U.S.元,2010,Y,年增率(%),15.7
平均每人NI、當期價格U.S.元,2011,Y,原始值,17889
平均每人NI、當期價格U.S.元,2011,Y,年增率(%),8.01
平均每人NI、當期價格U.S.元,2012,Y,原始值,18130
平均每人NI、當期價格U.S.元,2012,Y,年增率(%),1.35
平均每人NI、當期價格U.S.元,2013,Y,原始值,18985
平均每人NI、當期價格U.S.元,2013,Y,年增率(%),4.72
平均每人NI、當期價格U.S.元,2014,Y,原始值,19996
平均每人NI、當期價格U.S.元,2014,Y,年增率(%),5.33
平均每人NI、當期價格U.S.元,2015,Y,原始值,19849
平均每人NI、當期價格U.S.元,2015,Y,年增率(%),-0.74
平均每人NI、當期價格U.S.元,2016,Y,原始值,20132
平均每人NI、當期價格U.S.元,2016,Y,年增率(%),1.43
平均每人NI、當期價格U.S.元,2017,Y,原始值,21943
平均每人NI、當期價格U.S.元,2017,Y,年增率(%),9
平均每人NI、當期價格U.S.元,2018,Y,原始值,22454
平均每人NI、當期價格U.S.元,2018,Y,年增率(%),2.33
平均每人NI、當期價格U.S.元,2019,Y,原始值,22351
平均每人NI、當期價格U.S.元,2019,Y,年增率(%),-0.46
平均每人NI、當期價格U.S.元,2020,Y,原始值,24704
平均每人NI、當期價格U.S.元,2020,Y,年增率(%),10.53
平均每人NI、當期價格U.S.元,2021,Y,原始值,28761
平均每人NI、當期價格U.S.元,2021,Y,年增率(%),16.42
平均每人NI、當期價格U.S.元,2022,Y,原始值,28121
平均每人NI、當期價格U.S.元,2022,Y,年增率(%),-2.23
平均每人民間消費支出、當期價格N.T.元,1951,Y,原始值,1157
平均每人民間消費支出、當期價格N.T.元,1951,Y,年增率(%),
平均每人民間消費支出、當期價格N.T.元,1952,Y,原始值,1590
平均每人民間消費支出、當期價格N.T.元,1952,Y,年增率(%),37.42
平均每人民間消費支出、當期價格N.T.元,1953,Y,原始值,2094
平均每人民間消費支出、當期價格N.T.元,1953,Y,年增率(%),31.7
平均每人民間消費支出、當期價格N.T.元,1954,Y,原始值,2172
平均每人民間消費支出、當期價格N.T.元,1954,Y,年增率(%),3.72
平均每人民間消費支出、當期價格N.T.元,1955,Y,原始值,2428
平均每人民間消費支出、當期價格N.T.元,1955,Y,年增率(%),11.79
平均每人民間消費支出、當期價格N.T.元,1956,Y,原始值,2629
平均每人民間消費支出、當期價格N.T.元,1956,Y,年增率(%),8.28
平均每人民間消費支出、當期價格N.T.元,1957,Y,原始值,2918
平均每人民間消費支出、當期價格N.T.元,1957,Y,年增率(%),10.99
平均每人民間消費支出、當期價格N.T.元,1958,Y,原始值,3157
平均每人民間消費支出、當期價格N.T.元,1958,Y,年增率(%),8.19
平均每人民間消費支出、當期價格N.T.元,1959,Y,原始值,3489
平均每人民間消費支出、當期價格N.T.元,1959,Y,年增率(%),10.52
平均每人民間消費支出、當期價格N.T.元,1960,Y,原始值,4012
平均每人民間消費支出、當期價格N.T.元,1960,Y,年增率(%),14.99
平均每人民間消費支出、當期價格N.T.元,1961,Y,原始值,4331
平均每人民間消費支出、當期價格N.T.元,1961,Y,年增率(%),7.95
平均每人民間消費支出、當期價格N.T.元,1962,Y,原始值,4595
平均每人民間消費支出、當期價格N.T.元,1962,Y,年增率(%),6.1
平均每人民間消費支出、當期價格N.T.元,1963,Y,原始值,4780
平均每人民間消費支出、當期價格N.T.元,1963,Y,年增率(%),4.03
平均每人民間消費支出、當期價格N.T.元,1964,Y,原始值,5328
平均每人民間消費支出、當期價格N.T.元,1964,Y,年增率(%),11.46
平均每人民間消費支出、當期價格N.T.元,1965,Y,原始值,5750
平均每人民間消費支出、當期價格N.T.元,1965,Y,年增率(%),7.92
平均每人民間消費支出、當期價格N.T.元,1966,Y,原始值,6040
平均每人民間消費支出、當期價格N.T.元,1966,Y,年增率(%),5.04
平均每人民間消費支出、當期價格N.T.元,1967,Y,原始值,6692
平均每人民間消費支出、當期價格N.T.元,1967,Y,年增率(%),10.79
平均每人民間消費支出、當期價格N.T.元,1968,Y,原始值,7603
平均每人民間消費支出、當期價格N.T.元,1968,Y,年增率(%),13.61
平均每人民間消費支出、當期價格N.T.元,1969,Y,原始值,8201
平均每人民間消費支出、當期價格N.T.元,1969,Y,年增率(%),7.87
平均每人民間消費支出、當期價格N.T.元,1970,Y,原始值,8870
平均每人民間消費支出、當期價格N.T.元,1970,Y,年增率(%),8.16
平均每人民間消費支出、當期價格N.T.元,1971,Y,原始值,9687
平均每人民間消費支出、當期價格N.T.元,1971,Y,年增率(%),9.21
平均每人民間消費支出、當期價格N.T.元,1972,Y,原始值,10955
平均每人民間消費支出、當期價格N.T.元,1972,Y,年增率(%),13.09
平均每人民間消費支出、當期價格N.T.元,1973,Y,原始值,13526
平均每人民間消費支出、當期價格N.T.元,1973,Y,年增率(%),23.47
平均每人民間消費支出、當期價格N.T.元,1974,Y,原始值,19220
平均每人民間消費支出、當期價格N.T.元,1974,Y,年增率(%),42.1
平均每人民間消費支出、當期價格N.T.元,1975,Y,原始值,21222
平均每人民間消費支出、當期價格N.T.元,1975,Y,年增率(%),10.42
平均每人民間消費支出、當期價格N.T.元,1976,Y,原始值,22810
平均每人民間消費支出、當期價格N.T.元,1976,Y,年增率(%),7.48
平均每人民間消費支出、當期價格N.T.元,1977,Y,原始值,25877
平均每人民間消費支出、當期價格N.T.元,1977,Y,年增率(%),13.45
平均每人民間消費支出、當期價格N.T.元,1978,Y,原始值,29606
平均每人民間消費支出、當期價格N.T.元,1978,Y,年增率(%),14.41
平均每人民間消費支出、當期價格N.T.元,1979,Y,原始值,35328
平均每人民間消費支出、當期價格N.T.元,1979,Y,年增率(%),19.33
平均每人民間消費支出、當期價格N.T.元,1980,Y,原始值,43911
平均每人民間消費支出、當期價格N.T.元,1980,Y,年增率(%),24.3
平均每人民間消費支出、當期價格N.T.元,1981,Y,原始值,51381
平均每人民間消費支出、當期價格N.T.元,1981,Y,年增率(%),17.01
平均每人民間消費支出、當期價格N.T.元,1982,Y,原始值,54704
平均每人民間消費支出、當期價格N.T.元,1982,Y,年增率(%),6.47
平均每人民間消費支出、當期價格N.T.元,1983,Y,原始值,58207
平均每人民間消費支出、當期價格N.T.元,1983,Y,年增率(%),6.4
平均每人民間消費支出、當期價格N.T.元,1984,Y,原始值,62744
平均每人民間消費支出、當期價格N.T.元,1984,Y,年增率(%),7.79
平均每人民間消費支出、當期價格N.T.元,1985,Y,原始值,65592
平均每人民間消費支出、當期價格N.T.元,1985,Y,年增率(%),4.54
平均每人民間消費支出、當期價格N.T.元,1986,Y,原始值,70169
平均每人民間消費支出、當期價格N.T.元,1986,Y,年增率(%),6.98
平均每人民間消費支出、當期價格N.T.元,1987,Y,原始值,78262
平均每人民間消費支出、當期價格N.T.元,1987,Y,年增率(%),11.53
平均每人民間消費支出、當期價格N.T.元,1988,Y,原始值,89153
平均每人民間消費支出、當期價格N.T.元,1988,Y,年增率(%),13.92
平均每人民間消費支出、當期價格N.T.元,1989,Y,原始值,103975
平均每人民間消費支出、當期價格N.T.元,1989,Y,年增率(%),16.63
平均每人民間消費支出、當期價格N.T.元,1990,Y,原始值,115464
平均每人民間消費支出、當期價格N.T.元,1990,Y,年增率(%),11.05
平均每人民間消費支出、當期價格N.T.元,1991,Y,原始值,127865
平均每人民間消費支出、當期價格N.T.元,1991,Y,年增率(%),10.74
平均每人民間消費支出、當期價格N.T.元,1992,Y,原始值,143437
平均每人民間消費支出、當期價格N.T.元,1992,Y,年增率(%),12.18
平均每人民間消費支出、當期價格N.T.元,1993,Y,原始值,157972
平均每人民間消費支出、當期價格N.T.元,1993,Y,年增率(%),10.13
平均每人民間消費支出、當期價格N.T.元,1994,Y,原始值,176163
平均每人民間消費支出、當期價格N.T.元,1994,Y,年增率(%),11.52
平均每人民間消費支出、當期價格N.T.元,1995,Y,原始值,186626
平均每人民間消費支出、當期價格N.T.元,1995,Y,年增率(%),5.94
平均每人民間消費支出、當期價格N.T.元,1996,Y,原始值,203906
平均每人民間消費支出、當期價格N.T.元,1996,Y,年增率(%),9.26
平均每人民間消費支出、當期價格N.T.元,1997,Y,原始值,219234
平均每人民間消費支出、當期價格N.T.元,1997,Y,年增率(%),7.52
平均每人民間消費支出、當期價格N.T.元,1998,Y,原始值,234303
平均每人民間消費支出、當期價格N.T.元,1998,Y,年增率(%),6.87
平均每人民間消費支出、當期價格N.T.元,1999,Y,原始值,245064
平均每人民間消費支出、當期價格N.T.元,1999,Y,年增率(%),4.59
平均每人民間消費支出、當期價格N.T.元,2000,Y,原始值,257199
平均每人民間消費支出、當期價格N.T.元,2000,Y,年增率(%),4.95
平均每人民間消費支出、當期價格N.T.元,2001,Y,原始值,257619
平均每人民間消費支出、當期價格N.T.元,2001,Y,年增率(%),0.16
平均每人民間消費支出、當期價格N.T.元,2002,Y,原始值,264992
平均每人民間消費支出、當期價格N.T.元,2002,Y,年增率(%),2.86
平均每人民間消費支出、當期價格N.T.元,2003,Y,原始值,270289
平均每人民間消費支出、當期價格N.T.元,2003,Y,年增率(%),2
平均每人民間消費支出、當期價格N.T.元,2004,Y,原始值,286490
平均每人民間消費支出、當期價格N.T.元,2004,Y,年增率(%),5.99
平均每人民間消費支出、當期價格N.T.元,2005,Y,原始值,298293
平均每人民間消費支出、當期價格N.T.元,2005,Y,年增率(%),4.12
平均每人民間消費支出、當期價格N.T.元,2006,Y,原始值,304188
平均每人民間消費支出、當期價格N.T.元,2006,Y,年增率(%),1.98
平均每人民間消費支出、當期價格N.T.元,2007,Y,原始值,313787
平均每人民間消費支出、當期價格N.T.元,2007,Y,年增率(%),3.16
平均每人民間消費支出、當期價格N.T.元,2008,Y,原始值,315264
平均每人民間消費支出、當期價格N.T.元,2008,Y,年增率(%),0.47
平均每人民間消費支出、當期價格N.T.元,2009,Y,原始值,310358
平均每人民間消費支出、當期價格N.T.元,2009,Y,年增率(%),-1.56
平均每人民間消費支出、當期價格N.T.元,2010,Y,原始值,323280
平均每人民間消費支出、當期價格N.T.元,2010,Y,年增率(%),4.16
平均每人民間消費支出、當期價格N.T.元,2011,Y,原始值,335222
平均每人民間消費支出、當期價格N.T.元,2011,Y,年增率(%),3.69
平均每人民間消費支出、當期價格N.T.元,2012,Y,原始值,344466
平均每人民間消費支出、當期價格N.T.元,2012,Y,年增率(%),2.76
平均每人民間消費支出、當期價格N.T.元,2013,Y,原始值,353073
平均每人民間消費支出、當期價格N.T.元,2013,Y,年增率(%),2.5
平均每人民間消費支出、當期價格N.T.元,2014,Y,原始值,367586
平均每人民間消費支出、當期價格N.T.元,2014,Y,年增率(%),4.11
平均每人民間消費支出、當期價格N.T.元,2015,Y,原始值,374530
平均每人民間消費支出、當期價格N.T.元,2015,Y,年增率(%),1.89
平均每人民間消費支出、當期價格N.T.元,2016,Y,原始值,386209
平均每人民間消費支出、當期價格N.T.元,2016,Y,年增率(%),3.12
平均每人民間消費支出、當期價格N.T.元,2017,Y,原始值,395902
平均每人民間消費支出、當期價格N.T.元,2017,Y,年增率(%),2.51
平均每人民間消費支出、當期價格N.T.元,2018,Y,原始值,407568
平均每人民間消費支出、當期價格N.T.元,2018,Y,年增率(%),2.95
平均每人民間消費支出、當期價格N.T.元,2019,Y,原始值,418844
平均每人民間消費支出、當期價格N.T.元,2019,Y,年增率(%),2.77
平均每人民間消費支出、當期價格N.T.元,2020,Y,原始值,407134
平均每人民間消費支出、當期價格N.T.元,2020,Y,年增率(%),-2.8
平均每人民間消費支出、當期價格N.T.元,2021,Y,原始值,413574
平均每人民間消費支出、當期價格N.T.元,2021,Y,年增率(%),1.58
平均每人民間消費支出、當期價格N.T.元,2022,Y,原始值,444329
平均每人民間消費支出、當期價格N.T.元,2022,Y,年增率(%),7.44
平均每人民間消費支出、當期價格U.S.元,1951,Y,原始值,112
平均每人民間消費支出、當期價格U.S.元,1951,Y,年增率(%),
平均每人民間消費支出、當期價格U.S.元,1952,Y,原始值,154
平均每人民間消費支出、當期價格U.S.元,1952,Y,年增率(%),37.5
平均每人民間消費支出、當期價格U.S.元,1953,Y,原始值,135
平均每人民間消費支出、當期價格U.S.元,1953,Y,年增率(%),-12.34
平均每人民間消費支出、當期價格U.S.元,1954,Y,原始值,140
平均每人民間消費支出、當期價格U.S.元,1954,Y,年增率(%),3.7
平均每人民間消費支出、當期價格U.S.元,1955,Y,原始值,156
平均每人民間消費支出、當期價格U.S.元,1955,Y,年增率(%),11.43
平均每人民間消費支出、當期價格U.S.元,1956,Y,原始值,106
平均每人民間消費支出、當期價格U.S.元,1956,Y,年增率(%),-32.05
平均每人民間消費支出、當期價格U.S.元,1957,Y,原始值,118
平均每人民間消費支出、當期價格U.S.元,1957,Y,年增率(%),11.32
平均每人民間消費支出、當期價格U.S.元,1958,Y,原始值,127
平均每人民間消費支出、當期價格U.S.元,1958,Y,年增率(%),7.63
平均每人民間消費支出、當期價格U.S.元,1959,Y,原始值,96
平均每人民間消費支出、當期價格U.S.元,1959,Y,年增率(%),-24.41
平均每人民間消費支出、當期價格U.S.元,1960,Y,原始值,110
平均每人民間消費支出、當期價格U.S.元,1960,Y,年增率(%),14.58
平均每人民間消費支出、當期價格U.S.元,1961,Y,原始值,108
平均每人民間消費支出、當期價格U.S.元,1961,Y,年增率(%),-1.82
平均每人民間消費支出、當期價格U.S.元,1962,Y,原始值,115
平均每人民間消費支出、當期價格U.S.元,1962,Y,年增率(%),6.48
平均每人民間消費支出、當期價格U.S.元,1963,Y,原始值,119
平均每人民間消費支出、當期價格U.S.元,1963,Y,年增率(%),3.48
平均每人民間消費支出、當期價格U.S.元,1964,Y,原始值,133
平均每人民間消費支出、當期價格U.S.元,1964,Y,年增率(%),11.76
平均每人民間消費支出、當期價格U.S.元,1965,Y,原始值,144
平均每人民間消費支出、當期價格U.S.元,1965,Y,年增率(%),8.27
平均每人民間消費支出、當期價格U.S.元,1966,Y,原始值,151
平均每人民間消費支出、當期價格U.S.元,1966,Y,年增率(%),4.86
平均每人民間消費支出、當期價格U.S.元,1967,Y,原始值,167
平均每人民間消費支出、當期價格U.S.元,1967,Y,年增率(%),10.6
平均每人民間消費支出、當期價格U.S.元,1968,Y,原始值,190
平均每人民間消費支出、當期價格U.S.元,1968,Y,年增率(%),13.77
平均每人民間消費支出、當期價格U.S.元,1969,Y,原始值,205
平均每人民間消費支出、當期價格U.S.元,1969,Y,年增率(%),7.89
平均每人民間消費支出、當期價格U.S.元,1970,Y,原始值,222
平均每人民間消費支出、當期價格U.S.元,1970,Y,年增率(%),8.29
平均每人民間消費支出、當期價格U.S.元,1971,Y,原始值,242
平均每人民間消費支出、當期價格U.S.元,1971,Y,年增率(%),9.01
平均每人民間消費支出、當期價格U.S.元,1972,Y,原始值,274
平均每人民間消費支出、當期價格U.S.元,1972,Y,年增率(%),13.22
平均每人民間消費支出、當期價格U.S.元,1973,Y,原始值,354
平均每人民間消費支出、當期價格U.S.元,1973,Y,年增率(%),29.2
平均每人民間消費支出、當期價格U.S.元,1974,Y,原始值,506
平均每人民間消費支出、當期價格U.S.元,1974,Y,年增率(%),42.94
平均每人民間消費支出、當期價格U.S.元,1975,Y,原始值,558
平均每人民間消費支出、當期價格U.S.元,1975,Y,年增率(%),10.28
平均每人民間消費支出、當期價格U.S.元,1976,Y,原始值,600
平均每人民間消費支出、當期價格U.S.元,1976,Y,年增率(%),7.53
平均每人民間消費支出、當期價格U.S.元,1977,Y,原始值,681
平均每人民間消費支出、當期價格U.S.元,1977,Y,年增率(%),13.5
平均每人民間消費支出、當期價格U.S.元,1978,Y,原始值,801
平均每人民間消費支出、當期價格U.S.元,1978,Y,年增率(%),17.62
平均每人民間消費支出、當期價格U.S.元,1979,Y,原始值,981
平均每人民間消費支出、當期價格U.S.元,1979,Y,年增率(%),22.47
平均每人民間消費支出、當期價格U.S.元,1980,Y,原始值,1220
平均每人民間消費支出、當期價格U.S.元,1980,Y,年增率(%),24.36
平均每人民間消費支出、當期價格U.S.元,1981,Y,原始值,1397
平均每人民間消費支出、當期價格U.S.元,1981,Y,年增率(%),14.51
平均每人民間消費支出、當期價格U.S.元,1982,Y,原始值,1398
平均每人民間消費支出、當期價格U.S.元,1982,Y,年增率(%),0.07
平均每人民間消費支出、當期價格U.S.元,1983,Y,原始值,1453
平均每人民間消費支出、當期價格U.S.元,1983,Y,年增率(%),3.93
平均每人民間消費支出、當期價格U.S.元,1984,Y,原始值,1584
平均每人民間消費支出、當期價格U.S.元,1984,Y,年增率(%),9.02
平均每人民間消費支出、當期價格U.S.元,1985,Y,原始值,1646
平均每人民間消費支出、當期價格U.S.元,1985,Y,年增率(%),3.91
平均每人民間消費支出、當期價格U.S.元,1986,Y,原始值,1854
平均每人民間消費支出、當期價格U.S.元,1986,Y,年增率(%),12.64
平均每人民間消費支出、當期價格U.S.元,1987,Y,原始值,2456
平均每人民間消費支出、當期價格U.S.元,1987,Y,年增率(%),32.47
平均每人民間消費支出、當期價格U.S.元,1988,Y,原始值,3116
平均每人民間消費支出、當期價格U.S.元,1988,Y,年增率(%),26.87
平均每人民間消費支出、當期價格U.S.元,1989,Y,原始值,3937
平均每人民間消費支出、當期價格U.S.元,1989,Y,年增率(%),26.35
平均每人民間消費支出、當期價格U.S.元,1990,Y,原始值,4294
平均每人民間消費支出、當期價格U.S.元,1990,Y,年增率(%),9.07
平均每人民間消費支出、當期價格U.S.元,1991,Y,原始值,4768
平均每人民間消費支出、當期價格U.S.元,1991,Y,年增率(%),11.04
平均每人民間消費支出、當期價格U.S.元,1992,Y,原始值,5701
平均每人民間消費支出、當期價格U.S.元,1992,Y,年增率(%),19.57
平均每人民間消費支出、當期價格U.S.元,1993,Y,原始值,5986
平均每人民間消費支出、當期價格U.S.元,1993,Y,年增率(%),5
平均每人民間消費支出、當期價格U.S.元,1994,Y,原始值,6658
平均每人民間消費支出、當期價格U.S.元,1994,Y,年增率(%),11.23
平均每人民間消費支出、當期價格U.S.元,1995,Y,原始值,7045
平均每人民間消費支出、當期價格U.S.元,1995,Y,年增率(%),5.81
平均每人民間消費支出、當期價格U.S.元,1996,Y,原始值,7426
平均每人民間消費支出、當期價格U.S.元,1996,Y,年增率(%),5.41
平均每人民間消費支出、當期價格U.S.元,1997,Y,原始值,7639
平均每人民間消費支出、當期價格U.S.元,1997,Y,年增率(%),2.87
平均每人民間消費支出、當期價格U.S.元,1998,Y,原始值,7002
平均每人民間消費支出、當期價格U.S.元,1998,Y,年增率(%),-8.34
平均每人民間消費支出、當期價格U.S.元,1999,Y,原始值,7594
平均每人民間消費支出、當期價格U.S.元,1999,Y,年增率(%),8.45
平均每人民間消費支出、當期價格U.S.元,2000,Y,原始值,8236
平均每人民間消費支出、當期價格U.S.元,2000,Y,年增率(%),8.45
平均每人民間消費支出、當期價格U.S.元,2001,Y,原始值,7620
平均每人民間消費支出、當期價格U.S.元,2001,Y,年增率(%),-7.48
平均每人民間消費支出、當期價格U.S.元,2002,Y,原始值,7663
平均每人民間消費支出、當期價格U.S.元,2002,Y,年增率(%),0.56
平均每人民間消費支出、當期價格U.S.元,2003,Y,原始值,7853
平均每人民間消費支出、當期價格U.S.元,2003,Y,年增率(%),2.48
平均每人民間消費支出、當期價格U.S.元,2004,Y,原始值,8570
平均每人民間消費支出、當期價格U.S.元,2004,Y,年增率(%),9.13
平均每人民間消費支出、當期價格U.S.元,2005,Y,原始值,9270
平均每人民間消費支出、當期價格U.S.元,2005,Y,年增率(%),8.17
平均每人民間消費支出、當期價格U.S.元,2006,Y,原始值,9351
平均每人民間消費支出、當期價格U.S.元,2006,Y,年增率(%),0.87
平均每人民間消費支出、當期價格U.S.元,2007,Y,原始值,9555
平均每人民間消費支出、當期價格U.S.元,2007,Y,年增率(%),2.18
平均每人民間消費支出、當期價格U.S.元,2008,Y,原始值,9996
平均每人民間消費支出、當期價格U.S.元,2008,Y,年增率(%),4.62
平均每人民間消費支出、當期價格U.S.元,2009,Y,原始值,9388
平均每人民間消費支出、當期價格U.S.元,2009,Y,年增率(%),-6.08
平均每人民間消費支出、當期價格U.S.元,2010,Y,原始值,10214
平均每人民間消費支出、當期價格U.S.元,2010,Y,年增率(%),8.8
平均每人民間消費支出、當期價格U.S.元,2011,Y,原始值,11375
平均每人民間消費支出、當期價格U.S.元,2011,Y,年增率(%),11.37
平均每人民間消費支出、當期價格U.S.元,2012,Y,原始值,11630
平均每人民間消費支出、當期價格U.S.元,2012,Y,年增率(%),2.24
平均每人民間消費支出、當期價格U.S.元,2013,Y,原始值,11860
平均每人民間消費支出、當期價格U.S.元,2013,Y,年增率(%),1.98
平均每人民間消費支出、當期價格U.S.元,2014,Y,原始值,12104
平均每人民間消費支出、當期價格U.S.元,2014,Y,年增率(%),2.06
平均每人民間消費支出、當期價格U.S.元,2015,Y,原始值,11737
平均每人民間消費支出、當期價格U.S.元,2015,Y,年增率(%),-3.03
平均每人民間消費支出、當期價格U.S.元,2016,Y,原始值,11946
平均每人民間消費支出、當期價格U.S.元,2016,Y,年增率(%),1.78
平均每人民間消費支出、當期價格U.S.元,2017,Y,原始值,13006
平均每人民間消費支出、當期價格U.S.元,2017,Y,年增率(%),8.87
平均每人民間消費支出、當期價格U.S.元,2018,Y,原始值,13514
平均每人民間消費支出、當期價格U.S.元,2018,Y,年增率(%),3.91
平均每人民間消費支出、當期價格U.S.元,2019,Y,原始值,13542
平均每人民間消費支出、當期價格U.S.元,2019,Y,年增率(%),0.21
平均每人民間消費支出、當期價格U.S.元,2020,Y,原始值,13764
平均每人民間消費支出、當期價格U.S.元,2020,Y,年增率(%),1.64
平均每人民間消費支出、當期價格U.S.元,2021,Y,原始值,14760
平均每人民間消費支出、當期價格U.S.元,2021,Y,年增率(%),7.24
平均每人民間消費支出、當期價格U.S.元,2022,Y,原始值,14905
平均每人民間消費支出、當期價格U.S.元,2022,Y,年增率(%),0.98
